<?xml version="1.0" encoding="UTF-8"?>
<!DOCTYPE themes PUBLIC "-//www.matthiasmann.de//TWL-Theme//EN" "http://hg.l33tlabs.org/twl/raw-file/tip/src/de/matthiasmann/twl/theme/theme.dtd">
<themes>
    <images file="images/widgets.png">
        <area name="border_square" xywh="226,38,13,11" splitx="L1,B1" splity="L1,B1" nocenter="true"/>
        <area name="white" xywh="1,36,1,1"/>
        <area name="black" xywh="23,57,1,1"/>
        <area name="border_round" xywh="2,1,40,34" splitx="L11,B11" splity="L9,B9" nocenter="true"/>
        <area name="border_round_click" xywh="44,3,38,30" splitx="L11,B11" splity="L9,B9"/>
        <select name="border_round_state">
            <alias ref="border_round" tint="#4A4A4A" if="hover+!pressed"/>
            <alias ref="border_round_click" tint="#555555" if="pressed|hover"/>
            <alias ref="border_round"/>
        </select>
        <select name="border_round_toggle">
            <alias ref="border_round" tint="#4A4A4A" if="hover+!selected"/>
            <alias ref="border_round_click" tint="#555555" if="hover|selected"/>
            <alias ref="border_round"/>
        </select>
        <area name="check" xywh="33,53,7,8"/>
        <area name="square" xywh="226,50,13,11"/>
        <area name="plus" xywh="241,52,7,7"/>
        <area name="minus" xywh="241,50,7,1"/>
        <alias name="editfield.cursor" ref="white" tint="#0F00EE"/>
        <alias name="editfield.selection" ref="white" tint="#7F0D00C1"/>
        <area name="scrollbar.up_arrow" xywh="68,49,12,12"/>
        <area name="scrollbar.left_arrow" xywh="47,50,12,12"/>
        <area name="scrollbar.right_arrow" xywh="47,37,12,12"/>
        <area name="scrollbar.down_arrow" xywh="86,49,12,12"/>
        <area name="scrollbar.thumb" xywh="27,40,12,12" splity="L5,B5" splitx="L5,B5"/>
        <select name="vscrollbar_up_state">
            <alias ref="scrollbar.up_arrow" tint="#D5D5D5" if="hover + !pressed"/>
            <alias ref="scrollbar.up_arrow" tint="#555555" if="pressed + hover"/>
            <alias ref="scrollbar.up_arrow"/>
        </select>
        <select name="vscrollbar_down_state">
            <alias ref="scrollbar.down_arrow" tint="#D5D5D5" if="hover + !pressed"/>
            <alias ref="scrollbar.down_arrow" tint="#555555" if="pressed + hover"/>
            <alias ref="scrollbar.down_arrow"/>
        </select>
        <select name="vscrollbar_thumb_state">
            <alias ref="scrollbar.thumb" tint="#D5D5D5" if="hover + !pressed"/>
            <alias ref="scrollbar.thumb" tint="#555555" if="pressed + hover"/>
            <alias ref="scrollbar.thumb"/>
        </select>
        <select name="hscrollbar_left_state">
            <alias ref="scrollbar.left_arrow" tint="#D5D5D5" if="hover + !pressed"/>
            <alias ref="scrollbar.left_arrow" tint="#555555" if="pressed + hover"/>
            <alias ref="scrollbar.left_arrow"/>
        </select>
        <select name="hscrollbar_right_state">
            <alias ref="scrollbar.right_arrow" tint="#D5D5D5" if="hover + !pressed"/>
            <alias ref="scrollbar.right_arrow" tint="#555555" if="pressed + hover"/>
            <alias ref="scrollbar.right_arrow"/>
        </select>
        <select name="hscrollbar_thumb_state">
            <alias ref="scrollbar.thumb" tint="#D5D5D5" if="hover + !pressed"/>
            <alias ref="scrollbar.thumb" tint="#555555" if="pressed + hover"/>
            <alias ref="scrollbar.thumb"/>
        </select>
        <select name="display.listbox.background">
            <alias ref="white" if="hover" tint="#D5D5D5"/>
            <alias ref="white" if="selected" tint="#555555"/>
            <alias ref="white" tint="#00FFFFFF"/>
        </select>
        <select name="checkbox.state">
            <alias ref="none" if="pressed" center="true" inset="1" tint="#FF7AFF"/>
            <alias ref="none"/>
        </select>
        <cursor name="cursor.horiz_resize" hotSpotX="0" hotSpotY="0" xywh="175,34,32,15"/>
    </images>
    <images file="images/arrows.png">
        <area name="up" xywh="0,0,26,32" center="true" inset="10"/>
        <area name="down" xywh="28,0,26,32" inset="10" center="true"/>
        <area name="right" xywh="57,0,31,32" inset="10" center="true"/>
        <area name="left" xywh="92,0,31,32" inset="10" center="true"/>
    </images>
    <images file="images/symbols.png">
        <area name="zoomout" xywh="6,12,28,7" center="true"/>
        <area name="zoomin" xywh="46,1,28,29" center="true"/>
        <area name="center" xywh="85,1,29,30" center="true"/>
        <area name="explode" xywh="118,0,31,31" center="true"/>
    </images>
    <fontDef name="normal" filename="font.fnt" color="white" default="true">
        <fontParam if="error" color="red"/>
        <fontParam if="warning" color="orange"/>
        <fontParam if="disabled" color="gray"/>
        <fontParam if="textSelection" color="blue"/>
    </fontDef>
    <inputMapDef name="-defaultInputMap">
        <action name="selectAll">ctrl A</action>
        <action name="selectAll">cmd A</action>
        <action name="cut">ctrl X</action>
        <action name="cut">cmd X</action>
        <action name="copy">ctrl C</action>
        <action name="copy">cmd C</action>
        <action name="paste">ctrl V</action>
        <action name="paste">cmd V</action>
    </inputMapDef>
    <theme name="-defaults">
        <param name="background"><image>none</image></param>
        <param name="font"><font>normal</font></param>
        <param name="textAlignment"><enum type="alignment">left</enum></param>
        <param name="inputMap"><inputMap>-defaultInputMap</inputMap></param>
        <param name="maxWidth"><int>0</int></param>
        <param name="maxHeight"><int>0</int></param>
        <param name="minWidth"><int>0</int></param>
        <param name="minHeight"><int>0</int></param>
        <param name="overlay"><image>none</image></param>
    </theme>
    <theme name="-default-gaps" ref="-defaults">
    	<param name="smallGap"><dimension>0,0</dimension></param>
		<param name="mediumGap"><dimension>00,0</dimension></param>
		<param name="largeGap"><dimension>0,0</dimension></param>
		<param name="defaultGap"><dimension>10,10</dimension></param>
		<param name="namedGaps">
		    <map>
				<param name="reggap"><gap>10</gap></param>
    		</map>
		</param>
    </theme>
    <theme name="-no-gaps" ref="-defaults">
    	<param name="smallGap"><dimension>0,0</dimension></param>
		<param name="mediumGap"><dimension>00,0</dimension></param>
		<param name="largeGap"><dimension>0,0</dimension></param>
		<param name="defaultGap"><dimension>0,0</dimension></param>
		<param name="namedGaps">
		    <map>
				<param name="reggap"><gap>0</gap></param>
    		</map>
		</param>
    </theme>
    <theme name="-small-gaps" ref="-defaults">
    	<param name="smallGap"><dimension>1,1</dimension></param>
		<param name="mediumGap"><dimension>1,1</dimension></param>
		<param name="largeGap"><dimension>1,1</dimension></param>
		<param name="defaultGap"><dimension>1,1</dimension></param>
		<param name="namedGaps">
		    <map>
				<param name="reggap"><gap>1</gap></param>
    		</map>
		</param>
    </theme>
    <theme name="resizableframe" ref="-defaults" allowWildcard="true">
        <param name="background"><image>border_round</image></param>
        <param name="border"><border>15,15,15,15</border></param>
        <param name="titleAreaTop"><int>1</int></param>
        <param name="titleAreaLeft"><int>8</int></param>
        <param name="titleAreaRight"><int>-8</int></param>
        <param name="titleAreaBottom"><int>15</int></param>
        <param name="hasCloseButton"><bool>true</bool></param>
        <param name="closeButtonX"><int>0</int></param>
        <param name="closeButtonY"><int>0</int></param>
        <param name="hasResizeHandle"><bool>true</bool></param>
        <param name="resizeHandleX"><int>0</int></param>
        <param name="resizeHandleY"><int>0</int></param>
        <param name="fadeColorInactive"><color>white</color></param>
        <param name="fadeDurationActivate"><int>0</int></param>
        <param name="fadeDurationDeactivate"><int>0</int></param>
        <param name="fadeDurationShow"><int>0</int></param>
        <param name="fadeDurationHide"><int>0</int></param>
        <theme name="title" ref="-defaults">
            <param name="textAlignment"><enum type="alignment">left</enum></param>
            <param name="font"><font>normal</font></param>
        </theme>
        <theme name="closeButton" ref="-defaults"/>
        <theme name="resizeHandle" ref="-defaults"/>
    </theme>
    <theme name="widget" allowWildcard="false" ref="-defaults">
    </theme>
    <theme name="image" allowWildcard="true">
    	<param name="maxWidth"><int>150</int></param>
        <param name="maxHeight"><int>150</int></param>
        <param name="minWidth"><int>150</int></param>
        <param name="minHeight"><int>150</int></param>
    </theme>
    <theme name="label" allowWildcard="true" ref="-defaults">
    	<param name="border"><border>5,5,5,5</border></param>
    </theme>
    <theme name="tooltipwindow" ref="-defaults">
        <param name="background"><image>border_round</image></param>
        <param name="border"><border>5</border></param>
        <param name="fadeInTime"><int>0</int></param>
    </theme>
    <theme name="button" allowWildcard="true" ref="-defaults">
        <param name="background"><image>border_round_state</image></param>
        <param name="border"><border>5</border></param>
        <param name="maxWidth"><int>75</int></param>
        <param name="maxHeight"><int>75</int></param>
        <param name="minWidth"><int>75</int></param>
        <param name="minHeight"><int>75</int></param>
    </theme>
    <theme name="medbutton" allowWildcard="true" ref="-defaults">
        <param name="background"><image>white</image></param>
        <param name="border"><border>20</border></param>
        <param name="maxWidth"><int>50</int></param>
        <param name="maxHeight"><int>50</int></param>
        <param name="minWidth"><int>20</int></param>
        <param name="minHeight"><int>20</int></param>
    </theme>
    <theme name="smallbutton" allowWildcard="true" ref="-defaults">
        <param name="background"><image>white</image></param>
        <param name="border"><border>10</border></param>
        <param name="maxWidth"><int>20</int></param>
        <param name="maxHeight"><int>20</int></param>
        <param name="minWidth"><int>20</int></param>
        <param name="minHeight"><int>20</int></param>
    </theme>
    <theme name="vscrollbar" allowWildcard="true" ref="-defaults">
        <theme name="upbutton" ref="-defaults">
            <param name="background"><image>vscrollbar_up_state</image></param>
        </theme>
        <theme name="downbutton" ref="-defaults">
            <param name="background"><image>vscrollbar_down_state</image></param>
        </theme>
        <theme name="thumb" ref="-defaults">
            <param name="background"><image>vscrollbar_thumb_state</image></param>
        </theme>
        <param name="background"><image>border_round</image></param>
        <param name="border"><border>0</border></param>
        <param name="maxWidth"><int>14</int></param>
        <param name="minWidth"><int>14</int></param>
        <param name="scaleThumb"><bool>true</bool></param>
    </theme>
    <theme name="hscrollbar" allowWildcard="true" ref="-defaults">
        <theme name="leftbutton" ref="-defaults">
            <param name="background"><image>hscrollbar_left_state</image></param>
        </theme>
        <theme name="rightbutton" ref="-defaults">
            <param name="background"><image>hscrollbar_right_state</image></param>
        </theme>
        <theme name="thumb" ref="-defaults">
            <param name="background"><image>hscrollbar_thumb_state</image></param>
        </theme>
        <param name="background"><image>border_round</image></param>
        <param name="border"><border>0</border></param>
        <param name="maxHeight"><int>14</int></param>
        <param name="minHeight"><int>14</int></param>
        <param name="scaleThumb"><bool>true</bool></param>
    </theme>
    <theme name="scrollpane" allowWildcard="true" ref="-default-gaps">
        <theme name="hscrollbar" ref="hscrollbar"/>
        <theme name="vscrollbar" ref="vscrollbar"/>
        <param name="hasDragButton"><bool>true</bool></param>
        <theme name="dragButton" ref="button"/>
    </theme>
    <theme name="togglebutton" ref="-defaults">
        <param name="background"><image>border_round_toggle</image></param>
        <param name="border"><border>5,0</border></param>
    </theme>
    <theme name="checkbox" ref="-defaults">
        <param name="background"><image>checkbox.state</image></param>
    </theme>
    <theme name="editfield" ref="-defaults">
        <param name="background"><image>border_square</image></param>
        <param name="border"><border>5</border></param>
        <theme name="renderer" ref="-defaults">
        </theme>
        <param name="cursor"><image>editfield.cursor</image></param>
        <param name="selection"><image>editfield.selection</image></param>
        <param name="autocompletion-height"><int>0</int></param>
        <param name="columns"><int>10</int></param>
        <param name="passwordChar"><int>0</int></param>
    </theme>
    <theme name="listbox" ref="-defaults">
        <param name="background"><image>border_round</image></param>
        <param name="border"><border>3,5,3,1</border></param>
        <param name="maxHeight"><int>500</int></param>
        <param name="minWidth"><int>100</int></param>
        <theme name="vscrollbar" ref="vscrollbar">
            <param name="scaleThumb"><bool>true</bool></param>
        </theme>
        <theme name="display" ref="-defaults">
            <param name="background"><image>display.listbox.background</image></param>
            <param name="overlay"><image>none</image></param>
        </theme>
        <param name="cellWidth"><int>100</int></param>
        <param name="cellHeight"><int>15</int></param>
        <param name="fixedCellWidth"><bool>false</bool></param>
        <param name="fixedCellHeight"><bool>false</bool></param>
        <param name="rowMajor"><bool>true</bool></param>
    </theme>
    <theme name="combobox" ref="widget">
        <theme name="display" ref="-defaults">
        </theme>
        <param name="background"><image>border_round</image></param>
        <param name="minWidth"><int>100</int></param>
        <param name="minHeight"><int>30</int></param>
        <param name="maxHeight"><int>50</int></param>
        <param name="maxWidth"><int>1000</int></param>
        <theme name="button" ref="button">
            <param name="minWidth"><int>30</int></param>
	        <param name="minHeight"><int>30</int></param>
	        <param name="maxHeight"><int>30</int></param>
	        <param name="maxWidth"><int>30</int></param>
        </theme>
    </theme>
    <theme name="comboboxPopup" ref="-defaults">
        <theme name="listbox" ref="listbox">
        </theme>
        <param name="background"><image>black</image></param>
    </theme>
    <theme name="-treecellrenderer" ref="-defaults">
        <param name="treeIndent"><int>13</int></param>
        <param name="treeButtonSize"><dimension>30,30</dimension></param>
    </theme>
    <theme name="table" ref="-defaults" allowWildcard="true">
    	<theme name="" ref="*"/>
        <param name="row.background"><image>none</image></param>
        <param name="row.overlay"><image>none</image></param>
        <param name="row.dropmarker"><image>none</image></param>
        <param name=""><image>table.*</image></param>
        <param name="rowHeight"><int>30</int></param> <!-- the font line height is 14 -->
        <theme name="stringcellrenderer" ref="-defaults"/>
        <theme name="TreeLeafCellRenderer" ref="-treecellrenderer"/>
        <theme name="TreeNodeCellRenderer" ref="-treecellrenderer"/>
        <theme name="spanrenderer" ref="-defaults"/>
        <theme name="coloredtextrenderer" ref="-defaults"/>
        <theme name="treeButton" ref="button"/>
        <theme name="columnHeader" ref="button">
        	<param name="text"><string>20</string></param>
        </theme>
        <param name="columnHeaderWidth"><int>300</int></param>
        <param name="columnHeaderHeight"><int>20</int></param>
        <param name="columnDividerDragableDistance"><int>1</int></param>
        <param name="columnResizeCursor"><cursor>cursor.horiz_resize</cursor></param>
        <param name="columnDivider"><image>white</image></param>
        <param name="columnWidths">
        	<map>
                <param name="maxWidth"><int>300</int></param>
                <param name="maxHeight"><int>1000</int></param>
                <param name="minWidth"><int>300</int></param>
                <param name="minHeight"><int>400</int></param>
            </map>
        </param>
    	<param name="inputMap">
    		<inputMapDef ref="-defaultInputMap">
        		<action name="toggleSelectionOnLeadRow">ctrl SPACE</action>
    		</inputMapDef>
        </param>
        <theme name="ComboBoxCellRenderer">
            <param name="comboBoxHeight"><int>20</int></param>
        </theme>
        <theme name="EditFieldCellRenderer">
            <param name="editFieldHeight"><int>20</int></param>
        </theme>
        <theme name="editfield" ref="editfield"/>
    </theme>
    <theme name="tree" allowWildcard="true" ref="table">
    	<param name="hasDragButton"><bool>true</bool></param>
    	<theme name="dragButton" ref="-defaults"/>
    	<param name="autoScrollArea"><int>0</int></param>
		<param name="autoScrollSpeed"><int>0</int></param>
		<param name="scrollbarsAlwaysVisible"><bool>false</bool></param>
    </theme>  
    <theme name="tableScrollPane" ref="scrollpane"/>
    <!--
    <theme name="menumanager" ref="-defaults">
        <theme name="menupopup" ref="dialoglayout">
            <param name="background"><image>border_square</image></param>
            <param name="border"><border>background.border</border></param>
            <theme name="button" ref="button"/>
            <theme name="submenu" ref="button"/>
            <theme name="spacer" ref="-defaults"/>
            <param name="namedGaps"><map>
                <param name="menuitem"><gap>0</gap></param>
            </map></param>
        </theme>
    </theme>
    -->
    <theme name="window" ref="-defaults">
        <theme name="gridwindow" ref="resizableframe">
        	<param name="minWidth"><int>100</int></param>
            <param name="maxWidth"><int>1000</int></param>
       		<param name="minHeight"><int>100</int></param>
        	<param name="maxHeight"><int>1000</int></param>
        	<theme name="dialoglayout" ref="-small-gaps">
        	    <theme name="" ref="*"/>
  				<theme name="block" ref="medbutton" />	
            </theme>
        </theme>
        <theme name="palettewindow" ref="resizableframe">
        	<param name="minWidth"><int>100</int></param>
            <param name="maxWidth"><int>400</int></param>
       		<param name="minHeight"><int>100</int></param>
        	<param name="maxHeight"><int>400</int></param>
        	<theme name="frame_layout" ref="-no-gaps">
        		<theme name="dialoglayout" ref="-no-gaps">
	        	    <theme name="" ref="*"/>
  					<theme name="colorcell" ref="smallbutton" />
  					<theme name="primary_color" ref="button" />
  					<theme name="alt_color" ref="button" />		
            	</theme>
        	</theme>
    	</theme>
    	<theme name="toolbox" ref="resizableframe">
    		<theme name="layermenu" ref="resizableframe">
    			<param name="minWidth"><int>100</int></param>
            	<param name="maxWidth"><int>400</int></param>
       			<param name="minHeight"><int>30</int></param>
        		<param name="maxHeight"><int>50</int></param>
        		<theme name="layer_cb" ref="combobox" />
    		</theme>
    		<theme name="mirrormenu" ref="resizableframe">
    			<param name="minWidth"><int>100</int></param>
            	<param name="maxWidth"><int>400</int></param>
       			<param name="minHeight"><int>30</int></param>
        		<param name="maxHeight"><int>50</int></param>
        		<theme name="mirror_cb" ref="combobox" />
    		</theme>
    		<theme name="persepectivemenu" ref="resizableframe">
    			<param name="minWidth"><int>100</int></param>
            	<param name="maxWidth"><int>400</int></param>
       			<param name="minHeight"><int>30</int></param>
        		<param name="maxHeight"><int>50</int></param>
        		<theme name="perspective_cb" ref="combobox" />
    		</theme>
    	</theme>
    	<theme name="layermenu" ref="resizableframe">
    		<param name="minWidth"><int>100</int></param>
            <param name="maxWidth"><int>400</int></param>
       		<param name="minHeight"><int>30</int></param>
        	<param name="maxHeight"><int>50</int></param>
        	<theme name="layer_cb" ref="combobox" />
    	</theme>
    </theme>
</themes>
